City_ID,City,Country,Date,Lat,Lng,Max Temp,Humidity,Cloudiness,Wind Speed
0,Saint George,US,2021-06-26 16:34:54,37.1041,-113.5841,33.53,20,14,1.34
1,Dhidhdhoo,MV,2021-06-26 16:34:55,6.8833,73.1,28.42,71,97,6.62
2,Ushuaia,AR,2021-06-26 16:34:58,-54.8,-68.3,4.79,75,0,0.0
3,Chuy,UY,2021-06-26 16:35:00,-33.6971,-53.4616,15.47,85,78,4.37
4,Salalah,OM,2021-06-26 16:35:01,17.0151,54.0924,28.05,89,75,4.63
5,Rincon,US,2021-06-26 16:30:28,32.296,-81.2354,31.25,65,75,3.09
6,Teya,RU,2021-06-26 16:35:07,60.3778,92.6267,6.75,96,100,1.36
7,Buenaventura,CO,2021-06-26 16:35:08,3.8801,-77.0312,29.56,65,77,1.9
8,Benguela,AO,2021-06-26 16:35:10,-12.5763,13.4055,23.77,74,71,2.94
9,Pimentel,PE,2021-06-26 16:35:11,-6.8367,-79.9342,22.16,77,75,1.79
10,Bredasdorp,ZA,2021-06-26 16:35:13,-34.5322,20.0403,13.62,67,46,3.6
11,Georgetown,MY,2021-06-26 16:35:14,5.4112,100.3354,27.97,81,20,0.0
12,Hofn,IS,2021-06-26 16:35:15,64.2539,-15.2082,16.56,44,1,4.29
13,Quatre Cocos,MU,2021-06-26 16:35:17,-20.2078,57.7625,21.06,84,66,4.62
14,Jamestown,US,2021-06-26 16:35:18,42.097,-79.2353,27.88,50,40,4.92
15,Corinto,GR,2021-06-26 16:31:59,37.9407,22.9573,37.69,42,2,1.41
16,Cidreira,BR,2021-06-26 16:35:21,-30.1811,-50.2056,16.71,94,100,5.19
17,Manglaur,IN,2021-06-26 16:35:22,29.8,77.8667,32.03,37,13,2.6
18,Port Alfred,ZA,2021-06-26 16:35:24,-33.5906,26.891,15.17,68,5,11.23
19,Hermanus,ZA,2021-06-26 16:35:25,-34.4187,19.2345,13.83,74,60,6.66
20,Tasiilaq,GL,2021-06-26 16:35:29,65.6145,-37.6368,9.09,61,90,1.83
21,Coquimbo,CL,2021-06-26 16:33:02,-29.9533,-71.3436,13.85,82,90,1.54
22,Berlevag,NO,2021-06-26 16:35:31,70.8578,29.0864,8.48,85,100,6.81
23,Aksu,CN,2021-06-26 16:35:33,41.1231,80.2644,25.19,30,1,4.25
24,Punta Arenas,CL,2021-06-26 16:35:34,-53.15,-70.9167,4.06,81,75,4.12
25,Coihaique,CL,2021-06-26 16:35:36,-45.5752,-72.0662,3.97,75,20,2.06
26,Port Elizabeth,ZA,2021-06-26 16:35:37,-33.918,25.5701,15.16,63,20,10.29
27,Nassjo,SE,2021-06-26 16:35:40,57.6531,14.6968,17.51,71,90,2.11
28,Qaanaaq,GL,2021-06-26 16:35:41,77.484,-69.3632,4.58,72,35,1.64
29,Cape Town,ZA,2021-06-26 16:35:27,-33.9258,18.4232,15.23,70,40,0.89
30,Lagoa,PT,2021-06-26 16:35:45,39.05,-27.9833,19.75,76,18,5.42
31,Thinadhoo,MV,2021-06-26 16:35:46,0.5333,72.9333,28.0,74,92,5.77
32,Korla,CN,2021-06-26 16:35:48,41.7597,86.1469,26.22,24,54,6.17
33,Grand Gaube,MU,2021-06-26 16:35:50,-20.0064,57.6608,21.22,90,29,4.02
34,Yarensk,RU,2021-06-26 16:35:52,62.1675,49.0916,21.89,59,57,1.79
35,Narsaq,GL,2021-06-26 16:35:53,60.9167,-46.05,14.12,83,95,2.37
36,Linguere,SN,2021-06-26 16:35:54,15.3953,-15.1193,29.12,70,0,0.0
37,Arraial Do Cabo,BR,2021-06-26 16:35:56,-22.9661,-42.0278,25.98,73,0,8.23
38,Pangody,RU,2021-06-26 16:32:16,65.85,74.4859,10.73,52,18,3.75
39,Balkhash,KZ,2021-06-26 16:35:58,46.844,74.9804,18.84,39,17,7.5
40,Luanda,AO,2021-06-26 16:34:18,-8.8368,13.2343,24.0,83,20,3.6
41,Saint-Georges,GD,2021-06-26 16:36:01,12.0564,-61.7485,27.82,83,40,7.2
42,Iqaluit,CA,2021-06-26 16:36:02,63.7506,-68.5145,4.85,75,90,3.58
43,Ibotirama,BR,2021-06-26 16:36:04,-12.1853,-43.2206,31.89,21,0,1.78
44,Bonavista,CA,2021-06-26 16:36:05,48.6499,-53.1147,22.0,66,81,5.14
45,Bogandinskiy,RU,2021-06-26 16:36:06,56.8937,65.8938,19.15,97,100,3.75
46,Buchanan,LR,2021-06-26 16:36:08,5.8808,-10.0467,28.98,79,98,2.67
47,Basoko,CD,2021-06-26 16:36:09,1.2391,23.616,28.34,57,64,1.42
48,Tahta,EG,2021-06-26 16:36:11,26.7693,31.5021,36.18,15,0,5.32
49,Loubomo,CG,2021-06-26 16:36:12,-4.1997,12.6739,24.6,76,96,2.51
50,Soria,ES,2021-06-26 16:36:13,41.6667,-2.6667,20.03,55,90,1.99
51,Dikson,RU,2021-06-26 16:36:15,73.5069,80.5464,-0.08,91,91,1.93
52,Rundu,NA,2021-06-26 16:36:16,-17.9333,19.7667,18.67,23,6,0.97
53,Cockburn Town,TC,2021-06-26 16:36:19,21.4612,-71.1419,28.98,65,40,6.17
54,Busselton,AU,2021-06-26 16:36:20,-33.65,115.3333,12.25,63,0,9.45
55,Mokrousovo,RU,2021-06-26 16:36:21,55.8103,66.7653,17.19,96,100,1.69
56,Mogadishu,SO,2021-06-26 16:36:23,2.0371,45.3438,25.27,84,18,7.46
57,Torbay,CA,2021-06-26 16:35:29,47.6666,-52.7314,23.2,61,75,8.23
58,Savannah Bight,HN,2021-06-26 16:36:25,16.45,-85.85,30.03,74,44,5.53
59,Saint-Philippe,RE,2021-06-26 16:36:27,-21.3585,55.7679,21.75,82,38,5.1
60,Ilulissat,GL,2021-06-26 16:36:29,69.2167,-51.1,9.01,81,75,4.12
61,Mar Del Plata,AR,2021-06-26 16:32:35,-38.0023,-57.5575,12.22,71,90,0.0
62,Calama,CL,2021-06-26 16:36:31,-22.4667,-68.9333,16.27,12,0,3.6
63,Henties Bay,NA,2021-06-26 16:36:33,-22.116,14.2845,15.85,74,4,4.16
64,Sedniv,UA,2021-06-26 16:36:34,51.6447,31.565,26.01,77,16,1.71
65,Urshelskiy,RU,2021-06-26 16:36:35,55.6783,40.2169,24.29,74,80,2.45
66,Havelock,US,2021-06-26 16:36:37,34.8791,-76.9013,30.59,78,40,2.24
67,Lebu,CL,2021-06-26 16:36:38,-37.6167,-73.65,9.39,70,7,3.94
68,Mehamn,NO,2021-06-26 16:36:40,71.0357,27.8492,7.89,91,100,5.13
69,Krasnovishersk,RU,2021-06-26 16:36:41,60.4078,57.082,18.87,80,81,1.67
70,Chapais,CA,2021-06-26 16:36:42,49.7834,-74.8492,18.88,94,100,2.5
71,Yar-Sale,RU,2021-06-26 16:36:44,66.8333,70.8333,9.28,52,67,2.98
72,North Bay,CA,2021-06-26 16:36:45,46.3168,-79.4663,21.99,100,90,3.09
73,Morant Bay,JM,2021-06-26 16:36:47,17.8815,-76.4093,29.79,64,16,4.68
74,Sorland,NO,2021-06-26 16:36:48,67.667,12.6934,9.67,82,100,10.32
75,Bambous Virieux,MU,2021-06-26 16:36:49,-20.3428,57.7575,21.14,88,75,6.69
76,Damara,CF,2021-06-26 16:36:51,4.9608,18.7035,34.68,57,29,2.26
77,Gaoual,GN,2021-06-26 16:36:52,11.75,-13.2,33.12,48,100,1.01
78,Muborak,UZ,2021-06-26 16:36:54,39.2553,65.1528,30.26,15,0,7.43
79,Longyearbyen,SJ,2021-06-26 16:36:55,78.2186,15.6401,5.91,81,0,2.57
80,Ibra,OM,2021-06-26 16:36:56,22.6906,58.5334,30.61,38,50,5.63
81,Lucea,JM,2021-06-26 16:36:58,18.451,-78.1736,29.92,69,63,3.96
82,Bay Roberts,CA,2021-06-26 16:36:59,47.5999,-53.2648,23.62,55,65,4.47
83,Penzance,GB,2021-06-26 16:37:02,50.1186,-5.5371,16.56,77,20,2.57
84,Russkaya Polyana,UA,2021-06-26 16:37:03,49.417,31.9201,27.68,71,24,2.47
85,Ponta Do Sol,PT,2021-06-26 16:37:06,32.6667,-17.1,23.73,64,7,1.12
86,Barranca,PE,2021-06-26 16:33:04,-10.75,-77.7667,19.52,69,59,5.02
87,Inhambane,MZ,2021-06-26 16:37:09,-23.865,35.3833,22.99,83,0,4.12
88,Tibati,CM,2021-06-26 16:37:12,6.4667,12.6333,22.31,89,60,0.72
89,Belle Glade,US,2021-06-26 16:37:13,26.6845,-80.6676,31.12,61,100,3.26
90,Alto Longa,BR,2021-06-26 16:37:15,-5.2511,-42.2103,36.03,28,13,0.66
91,Djambala,CG,2021-06-26 16:37:16,-2.5447,14.7533,24.34,64,74,1.07
92,Burla,IN,2021-06-26 16:37:17,21.5,83.8667,29.25,71,96,1.9
93,Road Town,VG,2021-06-26 16:37:19,18.4167,-64.6167,29.05,79,40,6.17
94,Ardee,IE,2021-06-26 16:37:20,53.8597,-6.5406,14.8,75,92,4.76
95,Vila Velha,BR,2021-06-26 16:33:35,-20.3297,-40.2925,25.54,62,75,1.54
96,Bengkulu,ID,2021-06-26 16:37:24,-3.8004,102.2655,24.3,89,58,2.03
97,Novoseleznevo,RU,2021-06-26 16:37:25,55.6821,69.2056,17.78,63,84,4.31
98,Gogrial,SS,2021-06-26 16:37:28,8.5332,28.1004,29.05,49,99,3.66
99,Victoria,HK,2021-06-26 16:35:11,22.2855,114.1577,30.21,89,96,0.45
100,Upernavik,GL,2021-06-26 16:37:31,72.7868,-56.1549,4.05,79,100,0.47
101,East London,ZA,2021-06-26 16:37:32,-33.0153,27.9116,15.52,72,0,8.75
102,Kargasok,RU,2021-06-26 16:37:33,59.0556,80.8572,14.45,62,69,2.71
103,Dwarka,IN,2021-06-26 16:37:35,22.2394,68.9678,29.24,67,68,7.73
104,Kedougou,SN,2021-06-26 16:37:36,12.5579,-12.1743,35.32,43,40,2.06
105,Ribeira Grande,PT,2021-06-26 16:37:37,38.5167,-28.7,21.22,78,20,3.09
106,Honningsvag,NO,2021-06-26 16:37:39,70.9821,25.9704,7.45,91,100,3.05
107,Panaba,MX,2021-06-26 16:37:40,21.2833,-88.2667,32.07,51,100,3.53
108,Mananara,MG,2021-06-26 16:37:42,-16.1667,49.7667,19.38,94,7,1.75
109,Porto Murtinho,BR,2021-06-26 16:37:43,-21.6989,-57.8825,34.71,24,4,7.13
110,Codrington,AU,2021-06-26 16:37:44,-38.2667,141.9667,10.7,94,80,3.18
111,Rustam,PK,2021-06-26 16:37:46,27.969,68.8048,34.97,29,0,7.32
112,Kalmunai,LK,2021-06-26 16:37:49,7.4167,81.8167,28.16,69,97,1.75
113,Darlowo,PL,2021-06-26 16:37:50,54.421,16.4107,17.99,73,50,4.1
114,Yarkovo,RU,2021-06-26 16:37:51,57.4028,67.0786,18.44,71,100,1.19
115,Sao Filipe,CV,2021-06-26 16:37:53,14.8961,-24.4956,24.53,80,93,3.04
116,Hithadhoo,MV,2021-06-26 16:37:54,-0.6,73.0833,28.32,72,98,6.54
117,Mtimbira,TZ,2021-06-26 16:37:55,-8.7833,36.35,20.61,62,26,1.76
118,Dhangadhi,NP,2021-06-26 16:37:57,28.7079,80.5961,28.82,69,55,2.76
119,Marystown,CA,2021-06-26 16:37:58,47.1666,-55.1483,16.51,64,100,5.58
120,Uruzgan,AF,2021-06-26 16:38:00,32.8333,66.0,23.15,11,0,1.23
121,Capao Da Canoa,BR,2021-06-26 16:38:01,-29.7456,-50.0097,16.3,94,100,4.28
122,Asfi,MA,2021-06-26 16:38:02,32.2994,-9.2372,22.71,72,24,7.4
123,Chornoliztsi,UA,2021-06-26 16:38:04,48.8303,24.8958,25.1,61,20,2.0
124,Kemijarvi,FI,2021-06-26 16:38:05,66.7131,27.4306,14.33,66,76,3.06
125,Saint-Augustin,CA,2021-06-26 16:38:07,51.226,-58.6502,15.65,86,100,7.34
126,Sao Joao Da Barra,BR,2021-06-26 16:38:08,-21.6403,-41.0511,26.05,66,68,6.0
127,Marau,BR,2021-06-26 16:34:13,-28.4492,-52.2,22.56,71,97,5.63
128,Kavaratti,IN,2021-06-26 16:38:11,10.5669,72.642,28.44,70,11,6.15
129,Bolshoye Selo,RU,2021-06-26 16:38:12,57.7177,38.9334,21.44,89,90,2.11
130,Priiskovyy,RU,2021-06-26 16:38:13,51.9333,116.6333,17.75,85,84,0.23
131,Boralday,KZ,2021-06-26 16:38:15,43.3578,76.8594,19.92,40,75,2.0
132,Luderitz,NA,2021-06-26 16:38:16,-26.6481,15.1594,14.08,71,0,5.23
133,Comodoro Rivadavia,AR,2021-06-26 16:38:18,-45.8667,-67.5,6.92,57,40,5.66
134,Acandi,CO,2021-06-26 16:38:19,8.5063,-77.2778,29.08,73,98,1.97
135,Mahon,ES,2021-06-26 16:38:20,39.8885,4.2658,27.31,47,0,4.12
136,Los Llanos De Aridane,ES,2021-06-26 16:38:22,28.6585,-17.9182,20.62,75,75,5.14
137,Souillac,MU,2021-06-26 16:38:23,-20.5167,57.5167,21.21,88,75,6.69
138,San Cristobal,VE,2021-06-26 16:38:27,7.7669,-72.225,25.1,60,100,1.37
139,Mazagao,BR,2021-06-26 16:38:29,-0.115,-51.2894,33.03,62,57,2.6
140,Saldanha,ZA,2021-06-26 16:38:30,-33.0117,17.9442,15.03,71,68,2.3
141,Ferrol,ES,2021-06-26 16:38:32,43.4832,-8.2369,19.29,87,100,2.48
142,Cabinda,AO,2021-06-26 16:38:33,-5.55,12.2,26.08,73,75,3.6
143,Key West,US,2021-06-26 16:34:53,24.5557,-81.7826,30.56,74,1,4.63
144,Mezen,RU,2021-06-26 16:38:36,65.8522,44.24,13.19,74,99,3.13
145,Bushehr,IR,2021-06-26 16:38:37,28.9684,50.8385,33.05,62,0,6.17
146,Nereju,RO,2021-06-26 16:38:38,45.7167,26.7167,18.71,89,93,2.36
147,Azare,NG,2021-06-26 16:38:40,11.6765,10.1948,37.55,23,96,2.2
148,Maniitsoq,GL,2021-06-26 16:38:41,65.4167,-52.9,5.45,93,98,5.03
149,Caravelas,BR,2021-06-26 16:38:42,-17.7125,-39.2481,24.73,53,84,4.25
150,Saint Anthony,US,2021-06-26 16:38:44,45.0205,-93.218,23.96,74,1,3.09
151,Porto Novo,BJ,2021-06-26 16:38:45,6.4965,2.6036,23.9,92,100,3.38
152,Kristinehamn,SE,2021-06-26 16:38:46,59.3098,14.1081,24.17,70,85,1.98
153,Syracuse,IT,2021-06-26 16:34:11,37.0881,15.2792,37.56,61,48,2.21
154,Umm Lajj,SA,2021-06-26 16:38:49,25.0213,37.2685,30.51,53,0,3.54
155,Naantali,FI,2021-06-26 16:38:51,60.4674,22.0243,19.96,94,20,1.03
156,Iquique,CL,2021-06-26 16:38:52,-20.2208,-70.1431,17.02,67,48,3.61
157,Pathanamthitta,IN,2021-06-26 16:38:53,9.2667,76.7833,24.2,93,50,1.07
158,Ballymena,GB,2021-06-26 16:38:55,54.8636,-6.2763,16.13,71,100,3.41
159,Liverpool,GB,2021-06-26 16:38:56,53.4106,-2.9779,21.97,71,40,3.13
160,Vila Franca Do Campo,PT,2021-06-26 16:38:57,37.7167,-25.4333,20.23,93,63,6.67
161,San Pedro,PH,2021-06-26 16:38:59,14.35,121.0167,29.08,82,20,0.51
162,Mao,ES,2021-06-26 16:38:20,39.8885,4.2658,27.31,47,0,4.12
163,Passo De Camaragibe,BR,2021-06-26 16:39:03,-9.2368,-35.4901,27.75,57,64,3.56
164,Asti,IT,2021-06-26 16:39:04,44.8979,8.2068,29.81,45,67,2.45
165,Pangoa,PE,2021-06-26 16:39:06,-12.1167,-73.0,29.35,45,31,2.25
166,Igarka,RU,2021-06-26 16:39:07,67.4667,86.5833,8.08,66,55,6.67
167,Piacabucu,BR,2021-06-26 16:39:08,-10.4056,-36.4344,26.14,58,46,4.22
168,Grindavik,IS,2021-06-26 16:39:10,63.8424,-22.4338,13.64,67,0,9.26
169,Stornoway,GB,2021-06-26 16:39:11,58.2093,-6.3865,14.98,63,0,2.57
170,Berbera,SO,2021-06-26 16:39:13,10.4396,45.0143,33.59,41,78,2.69
171,Klaksvik,FO,2021-06-26 16:39:14,62.2266,-6.589,10.51,82,62,5.92
172,Bowmore,US,2021-06-26 16:39:15,34.9421,-79.3031,30.71,74,90,1.34
173,Moron,AR,2021-06-26 16:39:17,-34.6534,-58.6198,15.54,78,100,4.47
174,Sondrio,IT,2021-06-26 16:39:18,46.169,9.8692,29.2,72,73,1.48
175,Berkovica,BA,2021-06-26 16:39:19,44.6156,18.4294,28.17,66,18,1.99
176,Qasigiannguit,GL,2021-06-26 16:39:21,68.8193,-51.1922,9.14,77,100,2.5
177,Zelenogorskiy,RU,2021-06-26 16:39:22,55.0333,87.0,12.29,97,100,0.95
178,Clyde River,CA,2021-06-26 16:39:25,70.4692,-68.5914,3.13,93,90,9.77
179,Potoci,BA,2021-06-26 16:39:26,43.4086,17.8786,33.73,20,20,5.14
180,Faridpur,BD,2021-06-26 16:39:27,23.6,89.8333,30.0,86,31,4.8
181,Mochalishche,RU,2021-06-26 16:39:29,56.3306,48.3547,27.43,73,33,0.52
182,Ruhengeri,RW,2021-06-26 16:39:30,-1.4998,29.635,17.15,73,97,0.43
183,Kalat,PK,2021-06-26 16:39:32,29.0225,66.5916,22.68,14,7,2.52
184,Fomboni,KM,2021-06-26 16:39:33,-12.28,43.7425,25.48,64,0,3.67
185,Abalak,RU,2021-06-26 16:39:35,58.1286,68.5944,17.12,75,99,1.7
186,Sambek,RU,2021-06-26 16:39:36,47.7431,39.8308,28.6,79,74,4.01
187,Carnarvon,AU,2021-06-26 16:39:37,-24.8667,113.6333,18.64,47,91,4.61
188,Karasjok,NO,2021-06-26 16:39:39,69.4719,25.5112,11.06,51,99,2.02
189,Banyo,CM,2021-06-26 16:39:41,6.75,11.8167,21.96,86,60,1.67
190,Lima,PE,2021-06-26 16:35:55,-12.0432,-77.0282,21.61,75,90,2.06
191,Araouane,ML,2021-06-26 16:39:44,18.9048,-3.5265,42.7,10,51,3.25
192,Mayor Pablo Lagerenza,PY,2021-06-26 16:39:45,-19.9309,-60.7718,35.12,23,3,8.3
193,Cap-Aux-Meules,CA,2021-06-26 16:39:47,47.3821,-61.8597,22.03,83,75,5.14
194,Pampierstad,ZA,2021-06-26 16:39:48,-27.7832,24.6877,11.44,20,0,2.36
195,Antofagasta,CL,2021-06-26 16:39:49,-23.65,-70.4,15.6,68,91,4.54
196,Edd,ER,2021-06-26 16:39:51,13.9297,41.6925,32.06,63,65,1.81
197,Tiznit,MA,2021-06-26 16:39:52,29.5833,-9.5,26.55,39,0,4.01
198,Bajil,YE,2021-06-26 16:39:55,15.0584,43.2851,33.61,38,62,2.25
199,Perambalur,IN,2021-06-26 16:39:56,11.2333,78.8833,29.77,50,100,1.23
200,Cayenne,GF,2021-06-26 16:35:30,4.9333,-52.3333,31.02,72,40,1.79
201,Bandarbeyla,SO,2021-06-26 16:39:59,9.4942,50.8122,25.25,81,61,13.84
202,Havre-Saint-Pierre,CA,2021-06-26 16:40:00,50.2334,-63.5986,19.2,72,90,2.06
203,Tatarsk,RU,2021-06-26 16:40:01,55.219,75.9828,14.6,67,99,1.91
204,Itarema,BR,2021-06-26 16:40:05,-2.9248,-39.9167,28.46,64,35,4.39
205,Tulghes,RO,2021-06-26 16:40:07,46.95,25.7667,19.25,86,50,0.37
206,Dedougou,BF,2021-06-26 16:40:10,12.4667,-3.4667,35.87,30,45,2.75
207,Trinidad,BO,2021-06-26 16:40:11,-14.8333,-64.9,30.99,58,75,5.66
208,Bubaque,GW,2021-06-26 16:40:12,11.2833,-15.8333,27.14,80,90,7.3
209,Japura,ID,2021-06-26 16:40:14,-0.3167,102.35,23.73,94,66,1.23
210,Anderson,US,2021-06-26 16:40:15,34.5334,-82.6499,28.61,76,40,0.45
211,Trelew,AR,2021-06-26 16:40:17,-43.249,-65.3051,7.45,54,47,10.92
212,Paamiut,GL,2021-06-26 16:40:18,61.994,-49.6678,6.18,98,97,4.83
213,Vestmannaeyjar,IS,2021-06-26 16:40:19,63.4427,-20.2734,10.36,81,0,6.01
214,Yavoriv,UA,2021-06-26 16:40:21,49.9386,23.3825,23.46,86,45,3.74
215,Castro,BR,2021-06-26 16:40:22,-24.7911,-50.0119,22.48,57,75,4.34
216,Clonakilty,IE,2021-06-26 16:40:23,51.6231,-8.8706,16.72,79,92,6.23
217,Tabuk,PH,2021-06-26 16:40:25,17.4189,121.4443,24.22,89,90,0.32
218,Akonolinga,CM,2021-06-26 16:40:26,3.7667,12.25,24.06,78,84,1.79
219,Raudeberg,NO,2021-06-26 16:40:28,61.9875,5.1352,11.78,92,100,2.18
220,Nardaran,AZ,2021-06-26 16:40:29,40.5561,50.0056,28.8,58,0,3.09
221,Boende,CD,2021-06-26 16:40:30,-0.2167,20.8667,28.85,51,65,0.74
222,Biloxi,US,2021-06-26 16:39:22,30.396,-88.8853,30.58,66,20,7.72
223,Muros,ES,2021-06-26 16:40:34,42.7762,-9.0603,21.72,69,100,6.55
224,Mahdalynivka,UA,2021-06-26 16:40:35,48.921,34.9156,29.31,71,31,2.5
225,Sept-Iles,CA,2021-06-26 16:37:49,50.2001,-66.3821,17.29,84,90,2.24
226,Taoudenni,ML,2021-06-26 16:40:38,22.6783,-3.9836,46.17,5,4,3.73
227,Nizip,TR,2021-06-26 16:40:39,37.0097,37.7942,33.07,23,75,6.58
228,Talnakh,RU,2021-06-26 16:40:41,69.4865,88.3972,8.17,62,99,6.98
229,Harper,LR,2021-06-26 16:40:42,4.375,-7.7169,26.07,84,100,2.9
230,Muisne,EC,2021-06-26 16:40:44,0.6,-80.0333,26.06,82,100,4.51
231,Salinopolis,BR,2021-06-26 16:40:45,-0.6136,-47.3561,28.1,72,31,3.93
232,Thohoyandou,ZA,2021-06-26 16:40:46,-22.9456,30.485,20.25,24,0,2.53
233,Sao Lourenco Do Sul,BR,2021-06-26 16:40:49,-31.3653,-51.9783,15.03,98,100,2.88
234,Amarante Do Maranhao,BR,2021-06-26 16:40:50,-5.5667,-46.7422,33.78,31,27,2.55
235,Marzuq,YE,2021-06-26 16:40:52,14.4,46.4667,26.64,56,28,4.21
236,Chalmette,US,2021-06-26 16:40:53,29.9427,-89.9634,31.74,65,1,4.47
237,Progreso,MX,2021-06-26 16:40:55,21.2833,-89.6667,31.73,55,100,1.66
238,Dombarovskiy,RU,2021-06-26 16:40:56,50.7587,59.5386,22.4,65,85,3.43
239,Roald,NO,2021-06-26 16:40:57,62.5833,6.1333,15.65,87,40,2.57
240,Vsevolozhsk,RU,2021-06-26 16:40:59,60.0204,30.6372,25.45,56,22,3.11
241,Tucuman,AR,2021-06-26 16:41:00,-26.8241,-65.2226,12.0,82,90,3.09
242,Pitimbu,BR,2021-06-26 16:41:01,-7.4706,-34.8086,30.33,60,88,8.33
243,Atar,MR,2021-06-26 16:41:03,20.5169,-13.0499,42.83,8,24,6.02
244,Manta,EC,2021-06-26 16:37:04,-0.95,-80.7333,24.88,73,90,4.12
245,Thompson,CA,2021-06-26 16:41:05,55.7435,-97.8558,16.09,39,1,2.06
246,Saint-Pierre,RE,2021-06-26 16:41:07,-21.3393,55.4781,21.8,74,0,1.54
247,Rocha,UY,2021-06-26 16:41:08,-34.4833,-54.3333,16.51,72,85,4.5
248,Catio,GW,2021-06-26 16:41:11,11.2833,-15.25,28.44,70,90,5.44
249,Polunochnoye,RU,2021-06-26 16:41:12,60.8697,60.4153,13.62,93,93,1.99
250,Mahebourg,MU,2021-06-26 16:41:14,-20.4081,57.7,21.16,88,75,6.69
251,Iturama,BR,2021-06-26 16:41:15,-19.7281,-50.1956,31.58,21,13,5.23
252,Rawson,AR,2021-06-26 16:41:16,-43.3002,-65.1023,7.47,59,70,12.06
253,Pangnirtung,CA,2021-06-26 16:41:18,66.1451,-65.7125,9.0,76,90,7.72
254,Port-Gentil,GA,2021-06-26 16:41:19,-0.7193,8.7815,25.98,78,90,5.66
255,Karwar,IN,2021-06-26 16:41:20,14.8,74.1333,25.69,84,98,3.94
256,Nieuw Amsterdam,SR,2021-06-26 16:41:22,5.8833,-55.0833,32.01,51,40,5.14
257,Bosaso,SO,2021-06-26 16:41:24,11.2842,49.1816,31.79,58,94,1.84
258,Tsaratanana,MG,2021-06-26 16:41:26,-16.7833,47.65,19.89,54,1,2.61
259,Ambilobe,MG,2021-06-26 16:41:27,-13.2,49.05,21.03,79,1,1.07
260,Pucara,PE,2021-06-26 16:41:29,-15.9803,-71.4606,6.07,25,2,3.4
261,Beinamar,TD,2021-06-26 16:41:30,8.6698,15.3813,32.07,41,57,3.0
262,Touros,BR,2021-06-26 16:41:31,-5.1989,-35.4608,32.5,55,74,8.56
263,Hopelchen,MX,2021-06-26 16:41:33,19.7667,-89.85,28.6,35,93,1.78
264,Wajir,KE,2021-06-26 16:41:34,1.7471,40.0573,30.98,37,75,2.57
265,Krechevitsy,RU,2021-06-26 16:41:36,58.617,31.401,24.6,60,66,3.74
266,Marrakesh,MA,2021-06-26 16:41:37,31.6315,-8.0083,37.04,20,0,3.09
267,Oeiras Do Para,BR,2021-06-26 16:41:38,-2.0031,-49.8544,32.48,46,50,1.99
268,Vardo,NO,2021-06-26 16:41:40,70.3705,31.1107,8.11,80,100,2.17
269,Faya,SA,2021-06-26 16:41:41,18.3851,42.4509,28.06,15,97,4.52
270,Shubarshi,KZ,2021-06-26 16:41:17,48.5872,57.1869,27.69,41,36,6.46
271,Soyo,AO,2021-06-26 16:41:44,-6.1349,12.3689,26.03,85,57,3.4
272,Myatlevo,RU,2021-06-26 16:41:45,54.8969,35.6762,28.97,74,45,1.63
273,Conceicao Da Barra,BR,2021-06-26 16:41:47,-18.5933,-39.7322,24.99,53,55,3.86
274,Eyl,SO,2021-06-26 16:41:48,7.9803,49.8164,25.86,77,82,10.89
275,Kirando,TZ,2021-06-26 16:41:50,-7.4167,30.6,23.83,52,7,1.66
276,Ambanja,MG,2021-06-26 16:41:51,-13.6833,48.45,21.15,87,4,1.24
277,Bongandanga,CD,2021-06-26 16:41:52,1.5,21.05,28.2,52,23,1.37
278,Bonthe,SL,2021-06-26 16:41:54,7.5264,-12.505,26.55,75,100,4.14
279,Ratnagiri,IN,2021-06-26 16:41:55,16.9833,73.3,27.17,79,99,3.71
280,Timbiqui,CO,2021-06-26 16:41:58,2.7717,-77.6654,27.89,74,49,2.33
281,Sinnamary,GF,2021-06-26 16:41:59,5.3833,-52.95,27.99,72,35,4.12
282,Mendoza,AR,2021-06-26 16:42:00,-32.8908,-68.8272,6.74,61,75,3.09
283,Gamba,GA,2021-06-26 16:42:02,-2.65,10.0,23.71,86,100,3.22
284,Bani Walid,LY,2021-06-26 16:42:03,31.7566,13.9942,39.85,11,53,8.74
285,Buta,CD,2021-06-26 16:42:04,2.7858,24.73,26.95,59,88,1.18
286,Black River,JM,2021-06-26 16:42:06,18.0264,-77.8487,30.0,59,63,4.52
287,Birao,CF,2021-06-26 16:42:07,10.2849,22.7882,32.55,32,51,0.91
288,Paita,PE,2021-06-26 16:42:09,-5.0892,-81.1144,23.31,69,6,5.14
289,Hobyo,SO,2021-06-26 16:42:10,5.3505,48.5268,25.63,82,47,11.78
290,Nanortalik,GL,2021-06-26 16:42:11,60.1432,-45.2371,8.71,88,73,1.8
291,Farafangana,MG,2021-06-26 16:42:13,-22.8167,47.8333,20.38,84,0,4.55
292,Mafeteng,LS,2021-06-26 16:42:14,-29.823,27.2374,4.02,48,2,1.84
293,Santa Lucia,ES,2021-06-26 16:42:16,27.9117,-15.5407,20.42,64,20,14.4
294,Lodeynoye Pole,RU,2021-06-26 16:42:17,60.726,33.5531,22.35,74,50,2.81
295,Khartoum,SD,2021-06-26 16:40:58,15.5518,32.5324,41.68,15,34,2.81
296,Velykyy Klyuchiv,UA,2021-06-26 16:42:20,48.4709,24.9468,24.37,91,37,2.65
297,Itupiranga,BR,2021-06-26 16:42:21,-5.1347,-49.3267,34.18,42,6,0.3
298,Wagar,SD,2021-06-26 16:42:22,16.1525,36.2032,38.69,20,100,2.75
299,Dom Pedrito,BR,2021-06-26 16:42:24,-30.9828,-54.6731,13.3,99,100,2.69
300,Riberalta,BO,2021-06-26 16:42:25,-10.9833,-66.1,30.11,66,40,3.09
301,Insar,RU,2021-06-26 16:42:27,53.8653,44.3738,21.22,69,85,1.88
302,Ust-Kalmanka,RU,2021-06-26 16:42:28,52.1207,83.305,11.58,79,51,1.05
303,Waddan,LY,2021-06-26 16:42:29,29.1614,16.139,39.89,10,0,7.26
304,Husavik,IS,2021-06-26 16:42:31,66.0449,-17.3389,20.95,54,0,5.04
305,Magole,TZ,2021-06-26 16:42:32,-6.3667,37.3667,26.46,73,60,1.25
306,Gobabis,NA,2021-06-26 16:42:33,-22.45,18.9667,15.18,25,0,1.54
307,Kalabo,ZM,2021-06-26 16:42:35,-14.97,22.6814,19.73,30,9,1.72
308,Sayyan,YE,2021-06-26 16:42:36,15.1718,44.3244,21.32,39,100,1.85
309,Palora,EC,2021-06-26 16:42:38,-1.7,-77.9333,24.99,52,30,2.35
310,Kruisfontein,ZA,2021-06-26 16:42:39,-34.0033,24.7314,14.38,68,1,8.54
311,Morada Nova,BR,2021-06-26 16:42:41,-5.1067,-38.3725,34.19,30,5,2.9
312,Brodokalmak,RU,2021-06-26 16:42:42,55.5748,62.082,24.5,97,43,2.62
313,Vazhiny,RU,2021-06-26 16:42:43,60.9644,34.0222,22.84,72,56,3.19
314,Sisimiut,GL,2021-06-26 16:42:45,66.9395,-53.6735,6.53,83,71,5.17
315,Ushtobe,KZ,2021-06-26 16:42:46,45.2514,77.9838,16.2,57,82,5.44
316,Bathsheba,BB,2021-06-26 16:42:48,13.2167,-59.5167,30.34,54,40,10.8
317,Tashara,RU,2021-06-26 16:42:49,55.5195,83.5094,14.57,77,100,2.14
318,Mitsamiouli,KM,2021-06-26 16:42:50,-11.3847,43.2844,24.73,67,8,1.97
319,The Valley,AI,2021-06-26 16:40:42,18.217,-63.0578,29.92,78,40,7.72
320,Desaguadero,PE,2021-06-26 16:42:54,-16.5656,-69.0417,12.52,28,3,3.35
321,Sur,OM,2021-06-26 16:42:56,22.5667,59.5289,31.35,54,0,6.41
322,Yenagoa,NG,2021-06-26 16:42:57,4.9247,6.2642,25.35,85,100,2.45
323,Taywarah,AF,2021-06-26 16:42:58,33.35,64.4167,16.21,15,60,1.72
324,Lasa,IT,2021-06-26 16:43:00,46.6166,10.7002,25.95,76,74,0.43
325,Zamosc,PL,2021-06-26 16:41:09,50.7231,23.252,22.79,88,52,4.85
326,San Rafael,AR,2021-06-26 16:42:44,-34.6177,-68.3301,7.82,33,73,4.04
327,Kumluca,TR,2021-06-26 16:43:03,36.3703,30.2869,29.81,53,0,1.62
328,Kirkwall,GB,2021-06-26 16:43:05,58.9848,-2.9587,12.19,66,40,2.06
329,Kadaura,IN,2021-06-26 16:43:06,25.9833,79.85,30.5,51,100,5.99
330,Shambu,ET,2021-06-26 16:43:08,9.5667,37.1,11.91,90,79,1.48
331,Camacha,PT,2021-06-26 16:43:09,33.0833,-16.3333,21.42,56,40,5.14
332,Duekoue,CI,2021-06-26 16:43:10,6.7472,-7.3496,26.47,82,99,1.02
333,Hamilton,US,2021-06-26 16:43:13,39.1834,-84.5333,29.36,69,75,1.34
334,Parfino,RU,2021-06-26 16:43:14,57.9731,31.6481,24.33,66,84,2.99
335,Ginda,IN,2021-06-26 16:43:16,30.6945,78.4932,18.85,77,33,2.47
336,Loanda,AO,2021-06-26 16:41:43,-8.8368,13.2343,24.0,83,20,3.6
337,Boddam,GB,2021-06-26 16:43:19,57.4667,-1.7833,16.88,79,100,3.89
338,Krasnoselkup,RU,2021-06-26 16:43:21,65.7,82.4667,9.06,59,15,6.17
339,San Juan,AR,2021-06-26 16:42:31,-31.5375,-68.5364,7.74,50,99,9.76
340,Awjilah,LY,2021-06-26 16:43:25,29.1081,21.2869,39.63,13,0,4.8
341,Royan,FR,2021-06-26 16:43:26,45.6285,-1.0281,26.16,72,100,5.32
342,Sukhumi,GE,2021-06-26 16:39:34,43.0033,41.0153,23.23,92,39,1.79
343,Diamantino,BR,2021-06-26 16:38:48,-14.4086,-56.4461,34.88,22,27,4.37
344,Andenes,NO,2021-06-26 16:43:31,69.3143,16.1194,10.04,76,100,4.63
345,Wawa,NG,2021-06-26 16:43:32,9.9022,4.4192,30.09,59,91,2.49
346,Marsh Harbour,BS,2021-06-26 16:43:34,26.5412,-77.0636,27.86,71,10,7.7
347,Abu Kamal,SY,2021-06-26 16:43:35,34.4506,40.9171,37.9,15,0,5.28
348,Ancud,CL,2021-06-26 16:43:36,-41.8697,-73.8203,7.74,69,35,1.93
349,Gagra,GE,2021-06-26 16:43:38,43.3283,40.2239,24.51,92,32,1.78
350,Eskisehir,TR,2021-06-26 16:43:40,39.7767,30.5206,25.95,50,20,4.63
351,Tessalit,ML,2021-06-26 16:43:42,20.1986,1.0114,42.23,5,4,7.1
352,Abu Samrah,SY,2021-06-26 16:43:43,35.3029,37.1841,31.39,28,0,5.4
353,Tutoia,BR,2021-06-26 16:43:45,-2.7619,-42.2744,30.99,67,50,3.4
354,Gulfport,US,2021-06-26 16:41:29,30.3674,-89.0928,30.59,71,20,7.72
355,Pindwara,IN,2021-06-26 16:43:47,24.8,73.0667,29.82,53,38,0.75
356,Watertown,US,2021-06-26 16:39:05,42.3709,-71.1828,29.61,67,75,2.24
357,Riachao Das Neves,BR,2021-06-26 16:43:50,-11.7461,-44.91,32.68,20,0,1.21
358,Callaway,US,2021-06-26 16:43:51,30.153,-85.5699,30.37,87,25,2.24
359,Maarianhamina,AX,2021-06-26 16:43:54,60.0973,19.9348,17.92,72,0,3.6
360,Santa Maria,BR,2021-06-26 16:43:55,-29.6842,-53.8069,12.61,100,90,1.54
361,Konevo,RU,2021-06-26 16:43:57,62.1215,39.3192,20.01,97,95,1.89
362,Mattru,SL,2021-06-26 16:44:00,7.6244,-11.8332,26.26,87,98,2.16
363,Shihezi,CN,2021-06-26 16:44:02,44.3,86.0333,18.34,43,20,1.29
364,Visby,SE,2021-06-26 16:44:03,57.6409,18.296,20.98,82,20,3.09
365,Meulaboh,ID,2021-06-26 16:44:05,4.1363,96.1285,24.33,89,97,1.62
366,Luau,AO,2021-06-26 16:44:06,-10.7073,22.2247,21.35,36,0,0.93
367,Knysna,ZA,2021-06-26 16:44:07,-34.0363,23.0471,13.21,70,53,4.66
368,Olafsvik,IS,2021-06-26 16:44:09,64.8945,-23.7142,10.65,74,4,5.82
369,Tazovskiy,RU,2021-06-26 16:44:10,67.4667,78.7,7.63,62,8,4.63
370,Znamenskoye,RU,2021-06-26 16:44:12,57.1281,73.8282,12.32,77,53,2.01
371,Koulikoro,ML,2021-06-26 16:44:13,14.0,-7.75,37.94,21,38,5.62
372,Pombas,CV,2021-06-26 16:44:14,17.1503,-25.0201,25.88,80,32,5.44
373,Arlit,NE,2021-06-26 16:44:16,18.7369,7.3853,42.01,6,33,8.6
374,Kaniama,CD,2021-06-26 16:44:17,-7.5667,24.1833,24.42,31,29,1.43
375,Cervo,ES,2021-06-26 16:44:18,43.6702,-7.4101,21.77,83,100,2.05
376,Astana,KZ,2021-06-26 16:44:20,51.1801,71.446,17.97,52,0,4.0
377,Vicosa,BR,2021-06-26 16:44:21,-20.7539,-42.8819,24.66,46,2,3.16
378,Peterhead,GB,2021-06-26 16:44:23,57.5058,-1.7981,14.51,78,100,3.67
379,Port Blair,IN,2021-06-26 16:44:25,11.6667,92.75,27.99,75,100,5.45
380,Namibe,AO,2021-06-26 16:44:27,-15.1961,12.1522,21.65,72,20,2.72
381,Ziarat,PK,2021-06-26 16:44:28,30.3823,67.7282,19.31,46,9,2.47
382,Venice,US,2021-06-26 16:44:29,27.0998,-82.4543,32.87,62,20,1.34
383,Port-Cartier,CA,2021-06-26 16:44:31,50.0334,-66.8654,17.12,97,100,1.06
384,Soltvadkert,HU,2021-06-26 16:44:32,46.5789,19.3939,30.0,49,0,4.12
385,Ponta Delgada,PT,2021-06-26 16:44:33,37.7333,-25.6667,21.4,94,75,4.12
386,Yanam,IN,2021-06-26 16:44:35,16.7333,82.2167,29.22,71,100,2.61
387,Carballo,ES,2021-06-26 16:44:36,43.213,-8.691,21.12,87,100,1.96
388,Prainha,BR,2021-06-26 16:44:38,-1.8,-53.48,30.97,51,26,2.52
389,Novyy Urengoy,RU,2021-06-26 16:44:39,66.0833,76.6333,10.73,52,7,4.25
390,Umred,IN,2021-06-26 16:44:40,20.85,79.3333,27.16,68,81,2.04
391,Qaqortoq,GL,2021-06-26 16:44:42,60.7167,-46.0333,14.28,89,93,2.17
392,Gravdal,NO,2021-06-26 16:44:43,68.1214,13.5031,9.38,81,100,8.91
393,Trincomalee,LK,2021-06-26 16:44:45,8.5711,81.2335,27.59,75,100,8.42
394,Biltine,TD,2021-06-26 16:44:46,14.5333,20.9167,39.66,10,67,4.58
395,Les Cayes,HT,2021-06-26 16:44:47,18.2,-73.75,28.71,70,62,4.8
396,Zenzeli,RU,2021-06-26 16:44:49,45.9241,47.0474,30.95,33,78,5.77
397,Coxim,BR,2021-06-26 16:44:50,-18.5067,-54.76,35.56,15,12,5.69
398,Kenda,IN,2021-06-26 16:44:51,23.2,86.5333,27.84,77,88,5.22
399,Santa Rosa,PH,2021-06-26 16:44:53,14.3122,121.1114,29.5,81,72,0.73
400,Macas,EC,2021-06-26 16:44:54,-2.3167,-78.1167,24.86,64,40,2.06
401,Kaduy,RU,2021-06-26 16:44:56,59.2,37.15,29.02,53,40,3.92
402,Nouadhibou,MR,2021-06-26 16:44:57,20.931,-17.0347,24.99,65,6,7.72
403,Selma,US,2021-06-26 16:44:59,36.5708,-119.6121,32.28,47,1,2.06
404,Arequipa,PE,2021-06-26 16:45:00,-16.3989,-71.535,19.04,14,0,3.09
405,Snezhnogorsk,RU,2021-06-26 16:45:02,69.1933,33.2531,12.88,60,98,1.44
406,Robertsport,LR,2021-06-26 16:45:03,6.7533,-11.3686,26.52,76,93,3.5
407,Sao Jose De Ribamar,BR,2021-06-26 16:45:12,-2.5619,-44.0542,30.21,71,12,4.16
408,Tole,UA,2021-06-26 16:45:13,44.7167,33.8167,23.03,80,57,1.28
409,Wad Rawah,SD,2021-06-26 16:45:15,15.1603,33.1397,34.69,28,77,7.9
410,Oranjemund,NA,2021-06-26 16:45:17,-28.55,16.4333,13.99,73,0,4.68
411,Viedma,AR,2021-06-26 16:45:19,-40.8135,-62.9967,9.06,61,96,9.99
412,Jega,NG,2021-06-26 16:45:20,12.2175,4.3792,36.32,33,74,2.87
413,Talara,PE,2021-06-26 16:45:21,-4.5772,-81.2719,23.42,73,0,7.2
414,Sahiwal,PK,2021-06-26 16:45:23,30.6667,73.1,27.48,58,25,8.32
415,Pravia,ES,2021-06-26 16:45:24,43.4906,-6.1508,16.7,88,90,1.54
416,Zaranj,AF,2021-06-26 16:45:26,30.9667,61.8833,33.98,8,0,11.17
417,Deneysville,ZA,2021-06-26 16:45:27,-26.8908,28.0971,10.33,31,0,3.66
418,Turayf,SA,2021-06-26 16:45:30,31.6725,38.6637,37.14,16,0,5.14
419,Verkhnyaya Sinyachikha,RU,2021-06-26 16:45:31,57.976,61.6673,17.98,96,7,3.95
420,Sheltozero,RU,2021-06-26 16:45:34,61.3667,35.3667,18.39,94,95,0.91
421,Laje,BR,2021-06-26 16:45:35,-10.1833,-40.9667,28.46,29,0,5.06
422,Pokhara,NP,2021-06-26 16:45:00,28.2333,83.9833,22.45,81,98,1.3
423,Laguna,US,2021-06-26 16:45:38,38.421,-121.4238,32.58,41,1,1.35
424,Maceio,BR,2021-06-26 16:45:39,-9.6658,-35.7353,27.69,54,20,4.12
425,Barcelos,PT,2021-06-26 16:45:40,41.5388,-8.6151,24.6,61,100,3.51
426,Ilhabela,BR,2021-06-26 16:45:42,-23.7781,-45.3581,23.47,68,50,1.86
427,Anloga,GH,2021-06-26 16:45:43,5.7947,0.8973,24.12,79,100,5.21
428,Keti Bandar,PK,2021-06-26 16:45:45,24.1447,67.4497,28.24,76,15,8.87
429,Hendrina,ZA,2021-06-26 16:45:46,-26.1588,29.7153,11.82,29,0,2.0
430,Brunico,IT,2021-06-26 16:45:47,46.7958,11.9364,26.16,83,82,1.72
431,Lashma,RU,2021-06-26 16:45:49,54.9321,41.1438,21.37,77,92,2.65
432,Chicama,PE,2021-06-26 16:45:50,-7.8447,-79.1469,19.3,63,36,4.12
433,Oistins,BB,2021-06-26 16:41:47,13.0667,-59.5333,30.05,54,40,10.8
434,Floro,NO,2021-06-26 16:45:53,61.5996,5.0328,11.98,87,20,6.69
435,Tsumeb,NA,2021-06-26 16:45:54,-19.2333,17.7167,22.75,21,2,0.81
436,Kabare,CD,2021-06-26 16:45:58,-2.4683,28.8242,17.82,73,38,0.08
437,Ribeira Brava,PT,2021-06-26 16:46:00,32.65,-17.0667,23.73,66,4,1.28
438,Mandera,KE,2021-06-26 16:46:01,3.9366,41.867,31.24,34,97,4.88
439,Pampas,PE,2021-06-26 16:46:03,-12.4,-74.9,15.63,44,38,2.72
440,Nuuk,GL,2021-06-26 16:46:04,64.1835,-51.7216,6.6,93,75,3.6
441,Ust-Tsilma,RU,2021-06-26 16:46:05,65.441,52.1498,19.95,45,60,0.98
442,Grootfontein,NA,2021-06-26 16:46:07,-19.5667,18.1167,21.76,26,3,1.03
443,Togur,RU,2021-06-26 16:46:08,58.3631,82.8265,13.06,69,99,3.55
444,Barahona,DO,2021-06-26 16:46:10,18.2085,-71.1008,30.9,62,20,6.17
445,Marsa Matruh,EG,2021-06-26 16:46:11,31.3525,27.2453,28.11,69,0,7.2
446,Urengoy,RU,2021-06-26 16:46:13,65.9667,78.3667,9.66,57,6,3.9
447,Richards Bay,ZA,2021-06-26 16:46:18,-28.783,32.0377,18.42,61,0,2.37
448,Ugoofaaru,MV,2021-06-26 16:46:19,5.6667,73.0,27.79,75,96,5.45
449,Sawakin,SD,2021-06-26 16:46:20,19.1059,37.3321,32.5,49,80,2.61
450,Adamas,GR,2021-06-26 16:42:09,36.7333,24.4333,31.68,64,0,1.24
451,Rio Novo Do Sul,BR,2021-06-26 16:46:23,-20.8625,-40.9364,25.53,55,21,4.74
452,Kroonstad,ZA,2021-06-26 16:46:24,-27.6504,27.2349,7.09,28,0,3.08
453,Sumbawanga,TZ,2021-06-26 16:46:26,-7.9667,31.6167,20.89,45,20,0.0
454,Isilkul,RU,2021-06-26 16:46:27,54.9109,71.2728,15.04,64,54,2.15
455,Riyadh,SA,2021-06-26 16:36:25,24.6877,46.7219,40.08,8,11,4.17
456,Channel-Port Aux Basques,CA,2021-06-26 16:46:30,47.5702,-59.1367,13.18,97,100,5.57
457,Murdochville,CA,2021-06-26 16:46:31,48.9583,-65.5006,13.49,62,100,2.88
458,Uyemskiy,RU,2021-06-26 16:46:33,64.4743,40.8524,19.03,72,40,2.0
459,Sumbe,AO,2021-06-26 16:46:34,-11.2061,13.8437,22.92,86,23,2.65
460,Key Largo,US,2021-06-26 16:41:59,25.0865,-80.4473,30.01,63,97,5.78
461,Dolores,AR,2021-06-26 16:46:37,-36.3132,-57.6792,8.06,86,100,6.14
462,Pila,PL,2021-06-26 16:46:38,53.1515,16.7378,21.81,50,8,3.58
463,Santa Rosa Del Sur,CO,2021-06-26 16:46:39,7.9644,-74.0544,24.48,71,100,0.53
464,Dunmore Town,BS,2021-06-26 16:46:41,25.5,-76.65,27.29,74,7,7.11
465,Mobai,SL,2021-06-26 16:46:42,7.9944,-10.7511,24.77,89,100,2.41
466,Sabha,LY,2021-06-26 16:46:45,27.0377,14.4283,39.3,7,0,8.24
467,Dossor,KZ,2021-06-26 16:46:46,47.5272,52.9811,35.42,22,0,5.19
468,Talgar,KZ,2021-06-26 16:46:48,43.3027,77.2395,17.09,45,75,4.0
469,Makat,KZ,2021-06-26 16:46:49,47.6469,53.3463,34.73,23,35,4.89
470,Calderitas,MX,2021-06-26 16:45:19,18.55,-88.25,31.67,59,98,4.77
471,Praia,CV,2021-06-26 16:46:53,14.9215,-23.5087,24.36,82,83,4.75
472,Lewisporte,CA,2021-06-26 16:46:54,49.2499,-55.0482,24.84,53,100,6.07
473,Amapa,BR,2021-06-26 16:46:56,1.0,-52.0,31.08,48,41,2.17
474,Senanga,ZM,2021-06-26 16:46:57,-16.1167,23.2667,19.3,26,2,1.91
475,Melo,UY,2021-06-26 16:42:26,-32.3667,-54.1833,12.14,97,100,1.98
476,Mikhaylovka,RU,2021-06-26 16:47:00,50.06,43.2379,27.8,52,21,3.69
477,Hearst,CA,2021-06-26 16:47:01,49.6835,-83.6665,23.14,43,100,1.79
478,Tonota,BW,2021-06-26 16:47:02,-21.4833,27.4833,19.67,22,0,1.83
479,Benjamin Constant,BR,2021-06-26 16:47:04,-4.3831,-70.0311,31.07,66,0,2.06
480,Pedernales,DO,2021-06-26 16:47:05,18.0384,-71.744,30.19,59,76,3.12
481,Krasnogvardeyskiy,RU,2021-06-26 16:47:08,57.3793,62.3195,18.28,96,36,2.02
482,Velletri,IT,2021-06-26 16:47:09,41.6692,12.7793,31.71,63,3,3.58
483,Conde,BR,2021-06-26 16:47:11,-7.2597,-34.9075,29.7,58,0,6.17
484,Nalut,LY,2021-06-26 16:47:12,30.3333,10.85,40.19,7,40,3.96
485,Jaguaquara,BR,2021-06-26 16:47:16,-13.5306,-39.9708,18.65,78,76,1.89
486,Fano,IT,2021-06-26 16:47:17,43.8204,13.0121,30.97,64,53,3.22
487,Kudahuvadhoo,MV,2021-06-26 16:47:19,2.6708,72.8944,28.14,73,100,4.47
488,Skibbereen,IE,2021-06-26 16:47:20,51.55,-9.2667,16.89,82,99,5.21
489,Algiers,DZ,2021-06-26 16:46:48,36.7525,3.042,23.9,69,40,5.14
490,Pocoes,BR,2021-06-26 16:47:23,-14.5297,-40.3653,21.58,62,78,4.0
491,Maldonado,UY,2021-06-26 16:47:24,-34.6667,-54.9167,15.68,68,72,3.58
492,Severnoye,RU,2021-06-26 16:47:26,56.3491,78.3619,11.16,85,73,2.29
493,Rabo De Peixe,PT,2021-06-26 16:47:27,37.8,-25.5833,20.73,94,75,4.12
494,Huarmey,PE,2021-06-26 16:47:28,-10.0681,-78.1522,20.42,69,23,5.06
495,Boa Vista,BR,2021-06-26 16:45:44,2.8197,-60.6733,29.99,62,75,3.6
496,Marathon,US,2021-06-26 16:47:31,44.9,-89.7668,20.45,93,90,4.12
497,Sham Churasi,IN,2021-06-26 16:47:35,31.4997,75.7494,31.12,34,22,2.24
498,Ereymentau,KZ,2021-06-26 16:47:36,51.6199,73.1033,14.05,55,53,3.23
499,Reconquista,AR,2021-06-26 16:47:38,-29.15,-59.65,13.64,85,100,5.43
500,Thunder Bay,CA,2021-06-26 16:43:10,48.4001,-89.3168,23.49,60,90,1.03
501,Natal,BR,2021-06-26 16:43:53,-5.795,-35.2094,32.36,42,0,5.66
502,Santa Isabel,BR,2021-06-26 16:47:41,-23.3156,-46.2214,27.03,43,25,2.48
503,Mizan Teferi,ET,2021-06-26 16:47:43,6.9833,35.5833,16.51,94,100,1.23
504,Gabu,GW,2021-06-26 16:47:44,12.2833,-14.2167,28.56,62,81,0.95
505,Akdepe,TM,2021-06-26 16:47:46,42.0551,59.3788,31.0,19,7,1.3
506,Syumsi,RU,2021-06-26 16:47:47,57.1111,51.6149,22.17,80,23,1.85
507,George,ZA,2021-06-26 16:47:48,-33.963,22.4617,11.75,62,0,4.12
508,Meadville,US,2021-06-26 16:47:50,41.6414,-80.1515,28.21,64,1,7.2
509,Ostroleka,PL,2021-06-26 16:47:51,53.0862,21.5757,23.85,73,64,3.25
510,Kidal,ML,2021-06-26 16:47:53,18.4411,1.4078,41.54,9,23,3.85
511,Beckley,US,2021-06-26 16:46:47,37.7782,-81.1882,25.39,68,1,0.45
512,Ambagarh Chauki,IN,2021-06-26 16:47:55,20.7833,80.7167,29.78,57,84,0.84
513,Sao Jose Da Coroa Grande,BR,2021-06-26 16:47:56,-8.8978,-35.1478,26.3,59,87,5.46
514,Chipinge,ZW,2021-06-26 16:47:58,-20.1883,32.6236,15.99,31,0,1.17
515,Pombal,BR,2021-06-26 16:47:59,-6.7703,-37.8017,34.45,24,7,5.26
516,Jalu,LY,2021-06-26 16:48:01,29.0331,21.5482,39.59,13,0,4.9
517,Zabol,AF,2021-06-26 16:48:02,32.25,67.25,23.14,10,0,2.66
518,Vicuna,CL,2021-06-26 16:45:31,-30.0319,-70.7081,18.21,55,2,2.43
519,Candolim,IN,2021-06-26 16:48:05,15.5181,73.7626,26.8,81,100,4.86
520,Salumbar,IN,2021-06-26 16:48:06,24.1333,74.05,29.35,61,76,2.77
521,Mushabani,IN,2021-06-26 16:48:08,22.5167,86.45,27.55,83,34,2.7
522,Kralendijk,BQ,2021-06-26 16:48:09,12.15,-68.2667,30.99,70,75,5.66
523,Staraya Kulatka,RU,2021-06-26 16:48:10,52.7167,47.6167,19.02,87,92,1.83
524,Mayumba,GA,2021-06-26 16:48:12,-3.432,10.6554,23.47,90,100,2.83
525,Altamira,BR,2021-06-26 16:45:27,-3.2033,-52.2064,31.05,62,75,3.09
526,Zanjan,IR,2021-06-26 16:48:14,36.6736,48.4787,23.43,40,2,5.28
527,Cururupu,BR,2021-06-26 16:48:16,-1.8283,-44.8683,29.17,64,18,2.16
528,Matagami,CA,2021-06-26 16:48:17,49.7502,-77.6328,22.06,83,90,3.09
529,Kryva,UA,2021-06-26 16:48:19,48.1723,23.2365,27.89,54,16,1.88
530,Valparaiso,CL,2021-06-26 16:48:20,-33.0393,-71.6273,13.8,60,0,2.06
531,Sakakah,SA,2021-06-26 16:44:05,29.9697,40.2064,38.76,11,0,4.96
532,Margate,GB,2021-06-26 16:48:23,51.3813,1.3862,19.98,71,89,1.34
533,Neftcala,AZ,2021-06-26 16:48:24,39.3742,49.2472,27.49,68,0,4.43
534,Hambantota,LK,2021-06-26 16:48:25,6.1241,81.1185,26.63,79,100,8.1
535,Kongwa,TZ,2021-06-26 16:48:27,-6.2,36.4167,18.49,62,2,3.62
536,Beruwala,LK,2021-06-26 16:48:29,6.4788,79.9828,26.31,84,93,4.71
537,Saint-Joseph,RE,2021-06-26 16:48:30,-21.3667,55.6167,21.2,79,24,4.04
538,Nador,MA,2021-06-26 16:48:31,35.174,-2.9287,27.04,73,20,3.09
539,Zaysan,KZ,2021-06-26 16:48:33,47.4667,84.8667,12.3,72,100,1.89
540,Fethiye,TR,2021-06-26 16:48:34,36.6217,29.1164,37.93,37,0,2.27
541,Humaita,BR,2021-06-26 16:48:36,-7.5061,-63.0208,34.74,40,93,0.97
542,Plettenberg Bay,ZA,2021-06-26 16:48:37,-34.0527,23.3716,13.95,70,63,5.26
543,Iskateley,RU,2021-06-26 16:48:39,67.6803,53.1512,15.51,58,53,6.05
544,Akhmim,EG,2021-06-26 16:48:40,26.5622,31.745,36.11,16,0,5.06
545,Moose Factory,CA,2021-06-26 16:48:43,51.2585,-80.6094,20.0,68,1,2.57
546,Mamou,GN,2021-06-26 16:48:44,10.5,-12.0,27.57,63,83,1.82
547,Volkhovskiy,RU,2021-06-26 16:48:46,58.58,31.3164,24.35,60,53,4.04
548,Colares,PT,2021-06-26 16:48:47,38.7992,-9.4469,24.82,58,20,4.47
549,Cartagena,CO,2021-06-26 16:48:48,10.3997,-75.5144,30.79,66,40,3.09
550,Vilhena,BR,2021-06-26 16:48:50,-12.7406,-60.1458,30.12,45,0,6.17
551,Teguldet,RU,2021-06-26 16:48:51,57.3064,88.1667,8.91,97,100,2.79
552,Nagornskiy,RU,2021-06-26 16:48:53,58.7731,57.5451,17.66,84,56,1.66
553,Tocopilla,CL,2021-06-26 16:48:54,-22.092,-70.1979,18.6,68,51,4.26
554,Kopidlno,CZ,2021-06-26 16:48:55,50.3308,15.2703,24.02,77,57,1.75
555,Ayr,GB,2021-06-26 16:48:57,55.4627,-4.6339,16.94,72,20,4.63
556,Kerchevskiy,RU,2021-06-26 16:48:58,59.946,56.2884,19.45,71,42,0.78
557,Nguru,NG,2021-06-26 16:49:00,12.8791,10.4526,40.13,14,20,2.55
558,Albany,US,2021-06-26 16:49:01,42.6001,-73.9662,27.49,72,100,4.63
559,Wattegama,LK,2021-06-26 16:49:03,6.7989,81.4808,25.35,74,100,2.5
560,Ayia Galini,GR,2021-06-26 16:49:04,35.1,24.6833,34.53,48,0,1.99
561,Goure,NE,2021-06-26 16:49:05,13.9835,10.2704,41.12,12,7,2.58
562,Odweyne,SO,2021-06-26 16:49:07,9.4092,45.064,24.78,52,77,9.9
563,Jibuti,DJ,2021-06-26 16:45:47,11.5,42.5,31.61,36,71,5.32
564,Nioro,GM,2021-06-26 16:49:09,13.35,-15.75,30.96,59,92,3.25
565,Gerash,IR,2021-06-26 16:49:11,27.6652,54.1371,36.08,15,0,2.39
566,Toamasina,MG,2021-06-26 16:49:14,-18.1667,49.3833,21.0,94,20,1.03
567,Karasburg,NA,2021-06-26 16:49:16,-28.0167,18.75,12.47,34,0,4.14
568,Ostersund,SE,2021-06-26 16:49:17,63.1792,14.6357,20.34,52,82,2.06
